<?xml version="1.0" encoding="UTF-8"?>
<metadata xml:lang="en"><Esri><CreaDate>20141014</CreaDate><CreaTime>14595000</CreaTime><ArcGISFormat>1.0</ArcGISFormat><SyncOnce>TRUE</SyncOnce><DataProperties><lineage><Process ToolSource="C:\Program Files\ArcGIS\Desktop10.0\ArcToolbox\Toolboxes\Data Management Tools.tbx\CalculateField" Date="20141014" Time="145950">CalculateField Estructuras_Abandonadas Inundabili Si VB #</Process><Process ToolSource="C:\Program Files\ArcGIS\Desktop10.0\ArcToolbox\Toolboxes\Data Management Tools.tbx\CalculateField" Date="20141014" Time="150003">CalculateField Estructuras_Abandonadas Inundabili "Si" VB #</Process><Process ToolSource="C:\Program Files\ArcGIS\Desktop10.0\ArcToolbox\Toolboxes\Data Management Tools.tbx\CalculateField" Date="20141014" Time="150036">CalculateField Estructuras_Abandonadas Inundabili "No" VB #</Process><Process ToolSource="C:\Program Files\ArcGIS\Desktop10.0\ArcToolbox\Toolboxes\Data Management Tools.tbx\CalculateField" Date="20141015" Time="120830">CalculateField Estructuras_Abandonadas Descripcio "Comercial Central" VB #</Process><Process ToolSource="C:\Program Files\ArcGIS\Desktop10.0\ArcToolbox\Toolboxes\Data Management Tools.tbx\CalculateField" Date="20141015" Time="121133">CalculateField Estructuras_Abandonadas Descripcio "Conservación y Restauración de Recursos Históricos" VB #</Process><Process ToolSource="C:\Program Files\ArcGIS\Desktop10.0\ArcToolbox\Toolboxes\Data Management Tools.tbx\CalculateField" Date="20141015" Time="121356">CalculateField Estructuras_Abandonadas Descripcio "Comercial Turístico - en solar pequeño, usos dirigidos al turista y residente" VB #</Process><Process ToolSource="C:\Program Files\ArcGIS\Desktop10.0\ArcToolbox\Toolboxes\Data Management Tools.tbx\CalculateField" Date="20141015" Time="121455">CalculateField Estructuras_Abandonadas Descripcio "Comercial Turístico" VB #</Process><Process ToolSource="C:\Program Files\ArcGIS\Desktop10.0\ArcToolbox\Toolboxes\Data Management Tools.tbx\CalculateField" Date="20141015" Time="121638">CalculateField Estructuras_Abandonadas Descripcio "Residencial de apartamentos con alta densidad poblacional (Zonas Históricas)" VB #</Process><Process ToolSource="C:\Program Files\ArcGIS\Desktop10.0\ArcToolbox\Toolboxes\Data Management Tools.tbx\CalculateField" Date="20141015" Time="122258">CalculateField Estructuras_Abandonadas Descripcio "Zona de Uso General Uno" VB #</Process><Process ToolSource="C:\Program Files\ArcGIS\Desktop10.0\ArcToolbox\Toolboxes\Data Management Tools.tbx\CalculateField" Date="20141015" Time="122351">CalculateField Estructuras_Abandonadas Descripcio "Zona de Uso General Dos" VB #</Process><Process ToolSource="C:\Program Files\ArcGIS\Desktop10.0\ArcToolbox\Toolboxes\Data Management Tools.tbx\CalculateField" Date="20141015" Time="122455">CalculateField Estructuras_Abandonadas Descripcio "Zona de Uso General Tres" VB #</Process><Process ToolSource="C:\Program Files\ArcGIS\Desktop10.0\ArcToolbox\Toolboxes\Data Management Tools.tbx\CalculateField" Date="20141015" Time="122545">CalculateField Estructuras_Abandonadas Descripcio "Zona de Uso General Cuatro" VB #</Process><Process ToolSource="C:\Program Files\ArcGIS\Desktop10.0\ArcToolbox\Toolboxes\Data Management Tools.tbx\CalculateField" Date="20141015" Time="122654">CalculateField Estructuras_Abandonadas Descripcio "Zona de Uso de Gobierno" VB #</Process><Process ToolSource="C:\Program Files\ArcGIS\Desktop10.0\ArcToolbox\Toolboxes\Data Management Tools.tbx\CalculateField" Date="20141015" Time="122830">CalculateField Estructuras_Abandonadas Descripcio "Zona de Uso Residencial Uno" VB #</Process><Process ToolSource="C:\Program Files\ArcGIS\Desktop10.0\ArcToolbox\Toolboxes\Data Management Tools.tbx\CalculateField" Date="20141015" Time="122908">CalculateField Estructuras_Abandonadas Descripcio "Zona de Uso Residencial Dos" VB #</Process><Process ToolSource="C:\Program Files\ArcGIS\Desktop10.0\ArcToolbox\Toolboxes\Data Management Tools.tbx\CalculateField" Date="20141015" Time="131413">CalculateField Estructuras_Abandonadas NoName_12 "[NoName] + [NoName_1]" VB #</Process><Process ToolSource="C:\Program Files\ArcGIS\Desktop10.0\ArcToolbox\Toolboxes\Data Management Tools.tbx\CalculateField" Date="20141015" Time="131857">CalculateField Estructuras_Abandonadas NoName_12 "[NoName] + [NoName_1]" VB #</Process></lineage></DataProperties></Esri></metadata>
