<?xml version="1.0" encoding="UTF-8"?>
<metadata xml:lang="en"><Esri><CreaDate>20111003</CreaDate><CreaTime>15584200</CreaTime><ArcGISFormat>1.0</ArcGISFormat><SyncOnce>FALSE</SyncOnce><DataProperties><lineage><Process ToolSource="C:\Program Files (x86)\ArcGIS\Desktop10.0\ArcToolbox\Toolboxes\Data Management Tools.tbx\Project" Date="20110908" Time="160939">Project "Portal AMA 2011 Google.kmz\Polylines" D:\PROYECTOS_GIS\AMA\SHP\AMA_RUTAS_SEP_2011_NAD83.shp PROJCS['NAD_1983_StatePlane_Puerto_Rico_Virgin_Islands_FIPS_5200',GEOGCS['GCS_North_American_1983',DATUM['D_North_American_1983',SPHEROID['GRS_1980',6378137.0,298.257222101]],PRIMEM['Greenwich',0.0],UNIT['Degree',0.0174532925199433]],PROJECTION['Lambert_Conformal_Conic'],PARAMETER['False_Easting',200000.0],PARAMETER['False_Northing',200000.0],PARAMETER['Central_Meridian',-66.43333333333334],PARAMETER['Standard_Parallel_1',18.03333333333334],PARAMETER['Standard_Parallel_2',18.43333333333333],PARAMETER['Latitude_Of_Origin',17.83333333333333],UNIT['Meter',1.0]] WGS_1984_(ITRF00)_To_NAD_1983 GEOGCS['GCS_WGS_1984',DATUM['D_WGS_1984',SPHEROID['WGS_1984',6378137.0,298.257223563]],PRIMEM['Greenwich',0.0],UNIT['Degree',0.0174532925199433]]</Process><Process ToolSource="C:\Program Files (x86)\ArcGIS\Desktop10.0\ArcToolbox\Toolboxes\Data Management Tools.tbx\CalculateField" Date="20110928" Time="081646">CalculateField AMA_RUTAS_SEP_2011_NAD83 RUTA [Name] VB #</Process><Process ToolSource="C:\Program Files (x86)\ArcGIS\Desktop10.0\ArcToolbox\Toolboxes\Conversion Tools.tbx\FeatureClassToFeatureClass" Date="20111003" Time="141737">FeatureClassToFeatureClass S:\ATI-Rutas-AMA\RUTAS_AMA_JUL_2011\AMA_RUTAS_SEP_2011_NAD83.shp "Database Connections\GISADMIN_5151.sde\ACTGIS.GISADMIN.ACT_GEODATOS_GIS" RUTAS_AMA_SEP_2011 # "OID_ "OID_" true true false 9 Long 0 9 ,First,#,S:\ATI-Rutas-AMA\RUTAS_AMA_JUL_2011\AMA_RUTAS_SEP_2011_NAD83.shp,OID_,-1,-1;Name "Name" true true false 254 Text 0 0 ,First,#,S:\ATI-Rutas-AMA\RUTAS_AMA_JUL_2011\AMA_RUTAS_SEP_2011_NAD83.shp,Name,-1,-1;RUTA "RUTA" true true false 4 Short 0 4 ,First,#,S:\ATI-Rutas-AMA\RUTAS_AMA_JUL_2011\AMA_RUTAS_SEP_2011_NAD83.shp,RUTA,-1,-1" #</Process><Process ToolSource="C:\Program Files (x86)\ArcGIS\ArcToolbox\Toolboxes\Conversion Tools.tbx\FeatureClassToFeatureClass" Date="20140519" Time="154233">FeatureClassToFeatureClass "Database Connections\gisadmin@172.16.110.236.sde\GISOTG.GISADMIN.ACT_GEODATOS_GIS\GISOTG.GISADMIN.RUTAS_AMA_SEP_2011" E:\0_Postgis_Exports\Infra_transportacion rutas_ama.shp # "Name 'Name' true true false 254 Text 0 0 ,First,#,Database Connections\gisadmin@172.16.110.236.sde\GISOTG.GISADMIN.ACT_GEODATOS_GIS\GISOTG.GISADMIN.RUTAS_AMA_SEP_2011,Name,-1,-1;RUTA 'RUTA' true true false 2 Short 0 5 ,First,#,Database Connections\gisadmin@172.16.110.236.sde\GISOTG.GISADMIN.ACT_GEODATOS_GIS\GISOTG.GISADMIN.RUTAS_AMA_SEP_2011,RUTA,-1,-1;Shape_len 'Shape_len' false false true 0 Double 0 0 ,First,#,Database Connections\gisadmin@172.16.110.236.sde\GISOTG.GISADMIN.ACT_GEODATOS_GIS\GISOTG.GISADMIN.RUTAS_AMA_SEP_2011,Shape.len,-1,-1" # E:\0_Postgis_Exports\Infra_transportacion\rutas_ama.shp</Process></lineage><itemProps><itemName Sync="TRUE">ACTGIS.GISADMIN.RUTAS_AMA_SEP_2011</itemName><imsContentType Sync="TRUE">002</imsContentType><itemLocation><linkage Sync="TRUE">Server=arcsde; Service=5151; Database=ACTGIS; User=gisadmin; Version=sde.DEFAULT</linkage><protocol Sync="TRUE">ArcSDE Connection</protocol></itemLocation></itemProps><coordRef><type Sync="TRUE">Projected</type><geogcsn Sync="TRUE">GCS_North_American_1983</geogcsn><projcsn Sync="TRUE">NAD_1983_StatePlane_Puerto_Rico_Virgin_Islands_FIPS_5200</projcsn><peXml Sync="TRUE">&lt;ProjectedCoordinateSystem xsi:type='typens:ProjectedCoordinateSystem' xmlns:xsi='http://www.w3.org/2001/XMLSchema-instance' xmlns:xs='http://www.w3.org/2001/XMLSchema' xmlns:typens='http://www.esri.com/schemas/ArcGIS/10.0'&gt;&lt;WKT&gt;PROJCS[&amp;quot;NAD_1983_StatePlane_Puerto_Rico_Virgin_Islands_FIPS_5200&amp;quot;,GEOGCS[&amp;quot;GCS_North_American_1983&amp;quot;,DATUM[&amp;quot;D_North_American_1983&amp;quot;,SPHEROID[&amp;quot;GRS_1980&amp;quot;,6378137.0,298.257222101]],PRIMEM[&amp;quot;Greenwich&amp;quot;,0.0],UNIT[&amp;quot;Degree&amp;quot;,0.0174532925199433]],PROJECTION[&amp;quot;Lambert_Conformal_Conic&amp;quot;],PARAMETER[&amp;quot;False_Easting&amp;quot;,200000.0],PARAMETER[&amp;quot;False_Northing&amp;quot;,200000.0],PARAMETER[&amp;quot;Central_Meridian&amp;quot;,-66.43333333333334],PARAMETER[&amp;quot;Standard_Parallel_1&amp;quot;,18.03333333333334],PARAMETER[&amp;quot;Standard_Parallel_2&amp;quot;,18.43333333333333],PARAMETER[&amp;quot;Latitude_Of_Origin&amp;quot;,17.83333333333333],UNIT[&amp;quot;Meter&amp;quot;,1.0],AUTHORITY[&amp;quot;EPSG&amp;quot;,32161]]&lt;/WKT&gt;&lt;XOrigin&gt;-38021900&lt;/XOrigin&gt;&lt;YOrigin&gt;-26320000&lt;/YOrigin&gt;&lt;XYScale&gt;10000&lt;/XYScale&gt;&lt;ZOrigin&gt;-100000&lt;/ZOrigin&gt;&lt;ZScale&gt;10000&lt;/ZScale&gt;&lt;MOrigin&gt;-100000&lt;/MOrigin&gt;&lt;MScale&gt;10000&lt;/MScale&gt;&lt;XYTolerance&gt;0.001&lt;/XYTolerance&gt;&lt;ZTolerance&gt;0.001&lt;/ZTolerance&gt;&lt;MTolerance&gt;0.001&lt;/MTolerance&gt;&lt;HighPrecision&gt;true&lt;/HighPrecision&gt;&lt;WKID&gt;32161&lt;/WKID&gt;&lt;/ProjectedCoordinateSystem&gt;</peXml></coordRef></DataProperties><SyncDate>20140519</SyncDate><SyncTime>15423100</SyncTime><ModDate>20140519</ModDate><ModTime>15423100</ModTime><MetaID>{BBBE2F48-AB14-4AA0-9906-3B357EA6ECAA}</MetaID></Esri><dataIdInfo><envirDesc Sync="TRUE">Microsoft Windows Vista Version 6.1 (Build 7601) Service Pack 1; ESRI ArcCatalog 9.3.1.1850</envirDesc><dataLang><languageCode value="eng" country="USA"></languageCode></dataLang><idCitation><resTitle Sync="TRUE">rutas_ama</resTitle><presForm><PresFormCd value="005"></PresFormCd></presForm></idCitation><descKeys><thesaName uuidref="723f6998-058e-11dc-8314-0800200c9a66"></thesaName><keyword Sync="TRUE">002</keyword></descKeys><spatRpType><SpatRepTypCd value="001"></SpatRepTypCd></spatRpType><dataExt><geoEle><GeoBndBox esriExtentType="native"><westBL Sync="TRUE">225838.1534</westBL><eastBL Sync="TRUE">258508.5128</eastBL><northBL Sync="TRUE">270227.1616</northBL><southBL Sync="TRUE">257395.7522</southBL><exTypeCode Sync="TRUE">1</exTypeCode></GeoBndBox></geoEle></dataExt><geoBox esriExtentType="decdegrees"><westBL Sync="TRUE">-66.188868</westBL><eastBL Sync="TRUE">-65.879395</eastBL><northBL Sync="TRUE">18.467672</northBL><southBL Sync="TRUE">18.351101</southBL><exTypeCode Sync="TRUE">1</exTypeCode></geoBox></dataIdInfo><mdLang><languageCode value="eng"></languageCode></mdLang><mdChar><CharSetCd value="004"></CharSetCd></mdChar><distInfo><distFormat><formatName Sync="TRUE">SDE Feature Class</formatName></distFormat><distributor><distorTran><onLineSrc><linkage Sync="TRUE">file://\\OGP20279\E$\0_Postgis_Exports\Infra_transportacion\rutas_ama.shp</linkage><protocol Sync="TRUE">Local Area Network</protocol><orDesc Sync="TRUE">002</orDesc></onLineSrc><transSize Sync="TRUE">0.000</transSize></distorTran><distorFormat><formatName Sync="TRUE">Shapefile</formatName></distorFormat></distributor></distInfo><mdHrLv><ScopeCd value="005"></ScopeCd></mdHrLv><mdHrLvName Sync="TRUE">dataset</mdHrLvName><refSysInfo><RefSystem><refSysID><identCode code="32161"></identCode><idCodeSpace Sync="TRUE">EPSG</idCodeSpace><idVersion Sync="TRUE">7.4.1</idVersion></refSysID></RefSystem></refSysInfo><spdoinfo><ptvctinf><esriterm Name="rutas_ama"><efeatyp Sync="TRUE">Simple</efeatyp><efeageom Sync="TRUE">Polyline</efeageom><esritopo Sync="TRUE">FALSE</esritopo><efeacnt Sync="TRUE">0</efeacnt><spindex Sync="TRUE">FALSE</spindex><linrefer Sync="TRUE">TRUE</linrefer></esriterm><sdtsterm Name="rutas_ama"><sdtstype Sync="TRUE">String</sdtstype><ptvctcnt Sync="TRUE">0</ptvctcnt></sdtsterm></ptvctinf><direct Sync="TRUE">Vector</direct></spdoinfo><spatRepInfo><VectSpatRep><topLvl><TopoLevCd value="001"></TopoLevCd></topLvl><geometObjs><geoObjTyp><GeoObjTypCd value="002"></GeoObjTypCd><geoObjCnt Sync="TRUE">0</geoObjCnt></geoObjTyp></geometObjs></VectSpatRep></spatRepInfo><eainfo><detailed Name="rutas_ama"><enttyp><enttypl Sync="TRUE">rutas_ama</enttypl><enttypt Sync="TRUE">Feature Class</enttypt><enttypc Sync="TRUE">0</enttypc></enttyp><attr><attrlabl Sync="TRUE">FID</attrlabl><attalias Sync="TRUE">FID</attalias><attrtype Sync="TRUE">OID</attrtype><attwidth Sync="TRUE">4</attwidth><atprecis Sync="TRUE">0</atprecis><attscale Sync="TRUE">0</attscale><attrdef Sync="TRUE">Internal feature number.</attrdef><attrdefs Sync="TRUE">ESRI</attrdefs><attrdomv><udom Sync="TRUE">Sequential unique whole numbers that are automatically generated.</udom></attrdomv></attr><attr><attrlabl Sync="TRUE">Name</attrlabl><attalias Sync="TRUE">Name</attalias><attrtype Sync="TRUE">String</attrtype><attwidth Sync="TRUE">254</attwidth></attr><attr><attrlabl Sync="TRUE">RUTA</attrlabl><attalias Sync="TRUE">RUTA</attalias><attrtype Sync="TRUE">Number</attrtype><attwidth Sync="TRUE">5</attwidth></attr><attr><attrlabl Sync="TRUE">Shape</attrlabl><attalias Sync="TRUE">Shape</attalias><attrtype Sync="TRUE">Geometry</attrtype><attwidth Sync="TRUE">0</attwidth><atprecis Sync="TRUE">0</atprecis><attscale Sync="TRUE">0</attscale><attrdef Sync="TRUE">Feature geometry.</attrdef><attrdefs Sync="TRUE">ESRI</attrdefs><attrdomv><udom Sync="TRUE">Coordinates defining the features.</udom></attrdomv></attr><attr><attrlabl Sync="TRUE">Shape_len</attrlabl><attalias Sync="TRUE">Shape_len</attalias><attrtype Sync="TRUE">Float</attrtype><attwidth Sync="TRUE">19</attwidth><atnumdec Sync="TRUE">11</atnumdec></attr></detailed></eainfo><mdDateSt Sync="TRUE">20140519</mdDateSt><idinfo><citation><citeinfo><onlink Sync="TRUE">\\OGP20279\E$\0_Postgis_Exports\Infra_transportacion\rutas_ama.shp</onlink><title Sync="TRUE">rutas_ama</title><ftname Sync="TRUE">rutas_ama</ftname><geoform Sync="TRUE">vector digital data</geoform></citeinfo></citation><native Sync="TRUE">Microsoft Windows Vista Version 6.1 (Build 7601) Service Pack 1; ESRI ArcCatalog 9.3.1.1850</native><descript><langdata Sync="TRUE">en</langdata></descript><natvform Sync="TRUE">Shapefile</natvform><spdom><lboundng><leftbc Sync="TRUE">225838.153400</leftbc><rightbc Sync="TRUE">258508.512800</rightbc><bottombc Sync="TRUE">257395.752200</bottombc><topbc Sync="TRUE">270227.161600</topbc></lboundng><bounding><westbc Sync="TRUE">-66.188868</westbc><eastbc Sync="TRUE">-65.879395</eastbc><northbc Sync="TRUE">18.467672</northbc><southbc Sync="TRUE">18.351101</southbc></bounding></spdom></idinfo><dataqual><lineage><procstep><procdesc Sync="TRUE">Dataset copied.</procdesc><srcused Sync="TRUE">Server=arcsde; Service=5151; Database=ACTGIS; User=gis_sync; Version=sde.DEFAULT</srcused><procdate Sync="TRUE">20111003</procdate><proctime Sync="TRUE">15575600</proctime></procstep><procstep><procdesc Sync="TRUE">Dataset copied.</procdesc><srcused Sync="TRUE">\\OGP19757\C$\DOCUME~1\ISANTI~1\LOCALS~1\Temp\_ags_data5779095610e7498d8979d34e34377298.gdb</srcused><procdate Sync="TRUE">20111003</procdate><proctime Sync="TRUE">15584200</proctime></procstep></lineage></dataqual><metainfo><langmeta Sync="TRUE">en</langmeta><metstdn Sync="TRUE">FGDC Content Standards for Digital Geospatial Metadata</metstdn><metstdv Sync="TRUE">FGDC-STD-001-1998</metstdv><mettc Sync="TRUE">local time</mettc><metd Sync="TRUE">20140519</metd><metextns><onlink Sync="TRUE">http://www.esri.com/metadata/esriprof80.html</onlink><metprof Sync="TRUE">ESRI Metadata Profile</metprof></metextns></metainfo><mdStanName Sync="TRUE">ISO 19115 Geographic Information - Metadata</mdStanName><mdStanVer Sync="TRUE">DIS_ESRI1.0</mdStanVer><distinfo><resdesc Sync="TRUE">Downloadable Data</resdesc><stdorder><digform><digtinfo><transize Sync="TRUE">0.000</transize><dssize Sync="TRUE">0.000</dssize></digtinfo></digform></stdorder></distinfo><spref><horizsys><cordsysn><geogcsn Sync="TRUE">GCS_North_American_1983</geogcsn><projcsn Sync="TRUE">NAD_1983_StatePlane_Puerto_Rico_Virgin_Islands_FIPS_5200</projcsn></cordsysn><planar><planci><plance Sync="TRUE">coordinate pair</plance><plandu Sync="TRUE">meters</plandu><coordrep><absres Sync="TRUE">0.000000</absres><ordres Sync="TRUE">0.000000</ordres></coordrep></planci><mapproj><mapprojn Sync="TRUE">Lambert Conformal Conic</mapprojn><lambertc><stdparll Sync="TRUE">18.033333</stdparll><stdparll Sync="TRUE">18.433333</stdparll><longcm Sync="TRUE">-66.433333</longcm><latprjo Sync="TRUE">17.833333</latprjo><feast Sync="TRUE">200000.000000</feast><fnorth Sync="TRUE">200000.000000</fnorth></lambertc></mapproj></planar><geodetic><horizdn Sync="TRUE">North American Datum of 1983</horizdn><ellips Sync="TRUE">Geodetic Reference System 80</ellips><semiaxis Sync="TRUE">6378137.000000</semiaxis><denflat Sync="TRUE">298.257222</denflat></geodetic></horizsys><vertdef><altsys><altenc Sync="TRUE">Explicit elevation coordinate included with horizontal coordinates</altenc><altres Sync="TRUE">0.000100</altres></altsys></vertdef></spref></metadata>
